<?xml version="1.0" encoding="utf-8"?>
<TradeCondition xmlns:xsi="http://www.w3.org/2001/XMLSchema-instance" xmlns:xsd="http://www.w3.org/2001/XMLSchema">
  <tradeRules>
    <CrossesCompareTradeRule>
      <IndicatorName1>AC.central.Hobs</IndicatorName1>
      <IndicatorName2>AC.central.Left</IndicatorName2>
      <CompareType>LT</CompareType>
    </CrossesCompareTradeRule>
    <DivergeCompareTradeRule>
      <IndicatorName1>AC.central.forward</IndicatorName1>
      <IndicatorName2>AC.central.right</IndicatorName2>
      <CompareType>negativeDiverge</CompareType>
    </DivergeCompareTradeRule>
    <SimpleCompareTradeRule>
      <IndicatorName1>AC.central.Hobs</IndicatorName1>
      <IndicatorName2>AC.central.Left</IndicatorName2>
      <CompareType>LT</CompareType>
    </SimpleCompareTradeRule>
  </tradeRules>
  <ruleJoinTypes>
    <RuleJoinType>or</RuleJoinType>
    <RuleJoinType>or</RuleJoinType>
  </ruleJoinTypes>
</TradeCondition>