timestamp,Whole,AC.central.rear,AC.central.forward,AC.central.Left,AC.central.right,AC.central.monkey,AC.central.Hobs,AC.central.tiger
12/1/2015 8:15:00,56,1234.75,1239.25,1233.5,1238.75,54038,0,0
12/1/2015 8:15:01,56,1238.75,1240.5,1237,1237.25,46899,0,0
12/1/2015 8:15:02,56,1237.25,1238,1235,1236.25,39911,0,0
12/1/2015 8:15:03,56,1236.25,1237,1235.5,1236.5,16379,0,0
12/1/2015 8:15:04,56,1236.25,1240.75,1236.25,1240.5,41109,0,0
12/1/2015 8:15:05,56,1240.25,1241.5,1238.25,1240.5,31077,0,0
12/1/2015 8:15:06,56,1240.25,1241.25,1238.75,1241.25,27170,0,0
12/1/2015 8:15:07,56,1241.25,1242.75,1240.5,1241,33738,0,0
12/1/2015 8:15:08,56,1241.25,1241.75,1239,1240,26773,0,0
12/1/2015 8:15:09,56,1239.75,1241.75,1239,1240,17074,0,0
12/1/2015 8:15:10,56,1239.75,1241.25,1238.25,1239.75,22654,0,0
12/1/2015 8:15:11,56,1239.5,1240,1237.5,1238.75,16442,0,0
12/1/2015 8:15:12,56,1239,1240.5,1238,1239.5,24700,0,0
12/1/2015 8:15:13,56,1239.5,1240.5,1237,1238.25,22218,0,0
12/1/2015 8:15:14,56,1238,1238.25,1236.5,1237.25,20229,0,0
12/1/2015 8:15:15,56,1237.5,1238.5,1237,1238.5,10457,0,0
12/1/2015 8:15:16,56,1238.5,1239,1237.5,1238.25,16763,0,0
12/1/2015 8:15:17,56,1238.25,1238.5,1235.75,1236.75,13910,0,0
12/1/2015 8:15:18,56,1236.5,1237.5,1234.75,1235.25,19089,1159.48,623.48
12/1/2015 8:15:19,56,1235,1235.5,1234.5,1235,20676,1197.24,766.92
12/1/2015 8:15:20,56,1235.25,1238,1235,1237.25,19524,1216.87,879.41
12/1/2015 8:15:21,56,1237,1239,1236.75,1237.75,15624,1227.37,966.4
12/1/2015 8:15:22,56,1238,1238.75,1237,1238,12870,1232.62,1032.96
12/1/2015 8:15:23,56,1238,1238.5,1237,1238.25,13703,1235.19,1083.51
12/1/2015 8:15:24,56,1238.25,1239.5,1237.75,1239,15417,1236.91,1121.86
12/1/2015 8:15:25,56,1239,1239.25,1236.5,1237.5,15322,1237.39,1150.74
12/1/2015 8:15:26,56,1237.5,1238.75,1236.75,1237,10012,1237.57,1172.45
12/1/2015 8:15:27,56,1237.25,1238.25,1236.75,1236.75,8485,1237.54,1188.72
12/1/2015 8:15:28,56,1237,1237.5,1236.25,1236.5,7422,1237.21,1200.84
12/1/2015 8:15:29,56,1236.5,1237.25,1235.5,1237.25,13254,1236.79,1209.83
12/1/2015 8:15:30,56,1237,1237.75,1235.75,1237.5,12598,1236.77,1216.56
12/1/2015 8:15:31,56,1237.5,1238.25,1236.5,1238.25,5924,1237.07,1221.69
12/1/2015 8:15:32,56,1238,1238.75,1237.75,1238.25,8875,1237.66,1225.68
12/1/2015 8:15:33,56,1238.25,1239.5,1237.75,1238.75,12681,1238.14,1228.8
12/1/2015 8:15:34,56,1238.75,1239.25,1238.25,1238.75,9636,1238.45,1231.21
12/1/2015 8:15:35,56,1239,1239,1237.25,1237.5,9555,1238.29,1232.98
12/1/2015 8:15:36,56,1237.75,1237.75,1236.75,1236.75,4450,1237.77,1234.18
12/1/2015 8:15:37,56,1236.75,1238,1236.75,1238,5323,1237.57,1235.03
12/1/2015 8:15:38,56,1238,1238,1237.25,1237.75,1682,1237.6,1235.67
12/1/2015 8:15:39,56,1237.75,1237.75,1236.75,1236.75,7303,1237.42,1236.11
12/1/2015 8:15:40,56,1237,1237.75,1236.75,1237.25,2221,1237.34,1236.41
12/1/2015 8:15:41,56,1237.25,1238,1237,1238,4384,1237.42,1236.67
12/1/2015 8:15:42,56,1238,1238,1236.5,1236.75,5492,1237.33,1236.83
12/1/2015 8:15:43,56,1236.75,1236.75,1234.5,1234.75,11688,1236.48,1236.74
12/1/2015 8:15:44,56,1234.75,1235.75,1234.25,1235.5,15123,1235.74,1236.49
12/1/2015 8:15:45,56,1235.25,1235.75,1232,1232.75,31310,1234.81,1236.07
12/1/2015 8:15:46,56,1232.75,1234.5,1231.75,1232.5,22995,1233.97,1235.55
12/1/2015 8:15:47,56,1232.5,1233.75,1232,1233.5,11680,1233.42,1235.01
12/1/2015 8:15:48,56,1233.5,1233.5,1231.25,1231.75,9716,1232.9,1234.49
12/1/2015 8:15:49,56,1231.75,1232.25,1230.25,1230.25,18658,1232.07,1233.88
12/1/2015 8:15:50,56,1230.25,1232.25,1230,1231.5,17522,1231.6,1233.31
12/1/2015 8:15:51,56,1231.5,1233.25,1231.25,1232.25,15007,1231.92,1232.96
12/1/2015 8:15:52,56,1232.25,1233.5,1231.75,1232.75,10373,1232.27,1232.79
12/1/2015 8:15:53,56,1232.75,1234.75,1232.25,1234.5,12222,1232.89,1232.82
12/1/2015 8:15:54,56,1234.75,1235.75,1233,1234.75,26638,1233.63,1233.02
12/1/2015 8:15:55,56,1234.75,1238.5,1234.5,1238,39183,1235.07,1233.53
12/1/2015 8:15:56,56,1238,1238.25,1235.25,1236,19069,1235.91,1234.13
12/1/2015 8:15:57,56,1236,1236.75,1233.75,1234.25,18391,1235.58,1234.49
12/1/2015 8:15:58,56,1234.25,1235.75,1234,1234.75,9293,1235.23,1234.67
12/1/2015 8:15:59,56,1234.5,1235,1233.5,1234.75,8449,1234.74,1234.69
12/1/2015 8:16:00,56,1234.75,1235.5,1232.25,1232.5,15786,1234.31,1234.59
12/1/2015 8:16:01,56,1232.75,1234.75,1232.5,1233.5,14373,1233.97,1234.44
12/1/2015 8:16:02,56,1233.75,1233.75,1230.75,1230.75,25521,1233.11,1234.1
12/1/2015 8:16:03,56,1230.75,1232,1229.5,1231.75,30549,1231.93,1233.56
12/1/2015 8:16:04,56,1231.75,1234,1230.5,1233,24050,1232.09,1233.19
12/1/2015 8:16:05,56,1232.75,1234.5,1232,1233,18558,1232.67,1233.06
12/1/2015 8:16:06,56,1233,1234.5,1232.25,1233.25,14268,1233.02,1233.05
12/1/2015 8:16:07,56,1233.5,1235.25,1233.25,1233.5,12070,1233.64,1233.2
12/1/2015 8:16:08,56,1233.5,1234,1232,1233.5,11636,1233.32,1233.23
12/1/2015 8:16:09,56,1233.5,1234.75,1232.75,1234,10222,1233.53,1233.3
12/1/2015 8:16:10,56,1234,1235,1232.75,1233,11404,1233.7,1233.4
12/1/2015 8:16:11,56,1233,1235,1232.75,1234,10369,1233.79,1233.5
12/1/2015 8:16:12,56,1234,1236.5,1233.75,1236.25,18464,1234.46,1233.74
12/1/2015 8:16:13,56,1236,1238.75,1236,1238.75,18358,1235.92,1234.28
12/1/2015 8:16:14,56,1238.5,1238.75,1236.5,1237.5,16791,1236.77,1234.91
12/1/2015 8:16:15,56,1237.5,1239.75,1237.5,1239.5,20252,1237.7,1235.6
12/1/2015 8:16:16,56,1239.5,1241,1239.25,1241,29136,1238.91,1236.43
12/1/2015 8:16:17,56,1241,1241.5,1239.75,1241.5,33554,1239.77,1237.27
12/1/2015 8:16:18,56,1241.25,1241.5,1239.5,1240.75,25442,1240.13,1237.98
12/1/2015 8:16:19,56,1241,1241.25,1240.25,1240.5,14708,1240.44,1238.6
12/1/2015 8:16:20,56,1240.5,1241.5,1240,1241.25,17346,1240.6,1239.1
12/1/2015 8:16:21,56,1245.5,1246.75,1244.5,1246.25,37152,1243.11,1240.1
12/1/2015 8:16:22,56,1246.25,1247.75,1245.5,1247.75,24303,1244.87,1241.29
12/1/2015 8:16:23,56,1247.5,1249.25,1247.25,1248,35135,1246.56,1242.61
12/1/2015 8:16:24,56,1248,1249.75,1247.5,1249.25,26649,1247.59,1243.85
12/1/2015 8:16:25,56,1249,1249.75,1247.75,1249.5,26292,1248.17,1244.93
12/1/2015 8:16:26,56,1249.5,1250,1248.5,1249.75,23875,1248.71,1245.88
12/1/2015 8:16:27,56,1249.5,1250.25,1247.75,1248.5,33340,1248.86,1246.62
12/1/2015 8:16:28,56,1248.5,1249.75,1248,1249,12827,1248.87,1247.18
12/1/2015 8:16:29,56,1249,1250.5,1248.5,1250,19142,1249.18,1247.68
12/1/2015 8:16:30,56,1250,1251.5,1250,1250.5,26331,1249.97,1248.25
12/1/2015 8:16:31,56,1250.75,1250.75,1249.5,1249.75,13471,1250.05,1248.7
12/1/2015 8:16:32,56,1250,1250.5,1249,1250.25,12954,1249.9,1249
12/1/2015 8:16:33,56,1250.25,1251.5,1249.5,1251.5,12608,1250.2,1249.3
12/1/2015 8:16:34,56,1251.5,1252.25,1250.75,1251.5,24609,1250.85,1249.69
12/1/2015 8:16:35,56,1251.25,1254.75,1251.25,1253.75,45155,1251.92,1250.25
12/1/2015 8:16:36,56,1253.75,1255,1253.25,1253.25,36359,1253.02,1250.94
12/1/2015 8:16:37,56,1253.5,1254.75,1253.25,1254,16232,1253.51,1251.58
12/1/2015 8:16:38,56,1253.75,1254,1252.75,1253.25,10822,1253.44,1252.05
12/1/2015 8:16:39,56,1253.25,1254.25,1253,1254,15853,1253.53,1252.42
12/1/2015 8:16:40,56,1253.75,1254,1253.25,1253.5,10232,1253.58,1252.71
12/1/2015 8:16:41,56,1253.25,1254.25,1253.25,1253.5,12062,1253.66,1252.95
12/1/2015 8:16:42,56,1253.5,1255.25,1253.25,1254.5,18583,1253.96,1253.2
12/1/2015 8:16:43,56,1254.5,1255,1254,1254,5956,1254.23,1253.46
12/1/2015 8:16:44,56,1254,1254.5,1253.25,1253.5,14036,1254.05,1253.61
12/1/2015 8:16:45,56,1253.75,1253.75,1252,1252.5,17256,1253.46,1253.57
12/1/2015 8:16:46,56,1252.25,1253,1252,1252.5,10343,1252.98,1253.42
12/1/2015 8:16:47,56,1252.25,1253,1251.5,1251.5,14670,1252.62,1253.22
12/1/2015 8:16:48,56,1251.5,1252.75,1251.5,1252.25,7583,1252.37,1253.01
12/1/2015 8:16:49,56,1252.5,1253.75,1252.5,1253,8980,1252.75,1252.94
12/1/2015 8:16:50,56,1253,1253.75,1252.75,1253.5,4487,1253,1252.96
12/1/2015 8:16:51,56,1253.5,1253.75,1251.75,1252.75,12916,1252.87,1252.94
12/1/2015 8:16:52,56,1253,1253.25,1252.25,1253.25,4954,1252.81,1252.91
12/1/2015 8:16:53,56,1253.25,1253.5,1252.25,1253,4718,1252.84,1252.89
12/1/2015 8:16:54,56,1253,1253.25,1252,1252.5,6256,1252.73,1252.85
12/1/2015 8:16:55,56,1252.5,1253,1252.25,1252.75,4253,1252.68,1252.81
12/1/2015 8:16:56,56,1253,1253.25,1252.5,1253,6779,1252.77,1252.8
12/1/2015 8:16:57,56,1253,1253.75,1252.75,1253.75,7814,1253.01,1252.85
12/1/2015 8:16:58,56,1253.75,1253.75,1253,1253.75,3316,1253.19,1252.94
12/1/2015 8:16:59,56,1253.75,1254,1253,1253.25,7239,1253.35,1253.04
12/1/2015 8:17:00,56,1253.5,1253.75,1253.25,1253.25,2724,1253.41,1253.11
12/1/2015 8:17:01,56,1253.5,1254,1253.25,1253.5,4091,1253.52,1253.21
12/1/2015 8:17:02,56,1253.75,1253.75,1252.25,1252.5,5513,1253.26,1253.23
12/1/2015 8:17:03,56,1252.75,1253,1251.75,1252,9015,1252.82,1253.12
12/1/2015 8:17:04,56,1252,1252.75,1251.5,1252.25,4105,1252.47,1252.96
12/1/2015 8:17:05,56,1252.5,1253,1252.25,1252.75,1445,1252.55,1252.86
12/1/2015 8:17:06,56,1252.75,1252.75,1251.75,1251.75,3728,1252.4,1252.74
12/1/2015 8:17:07,56,1251.75,1252.5,1251.75,1252.25,3571,1252.26,1252.62
12/1/2015 8:17:08,56,1252.25,1252.5,1251.25,1251.5,8498,1252.07,1252.48
12/1/2015 8:17:09,56,1251.5,1251.75,1249.75,1250.5,17359,1251.41,1252.22
12/1/2015 8:17:10,56,1250.5,1250.75,1249.5,1250.5,11921,1250.77,1251.85
12/1/2015 8:17:11,56,1250.5,1251.75,1250.25,1251.5,9794,1250.88,1251.61
12/1/2015 8:17:12,56,1251.5,1254,1250,1253.75,27010,1251.44,1251.57
12/1/2015 8:17:13,56,1253.5,1253.75,1252.5,1252.75,8081,1252.28,1251.75
12/1/2015 8:17:14,56,1252.75,1254.75,1252.5,1254.25,7915,1252.95,1252.05
12/1/2015 8:17:15,56,1254.5,1257,1254.5,1256.75,40547,1254.35,1252.62
12/1/2015 8:17:16,56,1256.5,1257.25,1255.5,1255.75,17939,1255.36,1253.31
12/1/2015 8:17:17,56,1256,1257,1255.25,1256.25,10412,1255.74,1253.92
12/1/2015 8:17:18,56,1256.5,1258.75,1256.25,1258.5,27886,1256.62,1254.59
12/1/2015 8:17:19,56,1258.5,1259.75,1258,1258.5,31898,1257.75,1255.38
12/1/2015 8:17:20,56,1258.5,1258.75,1257.75,1258.25,12676,1258,1256.04
12/1/2015 8:17:21,56,1258.25,1259.5,1257.75,1258.75,12445,1258.31,1256.61
12/1/2015 8:17:22,56,1259,1261.5,1258,1261.25,26106,1259.03,1257.21
12/1/2015 8:17:23,56,1261,1263.5,1260.5,1263.25,37149,1260.52,1258.04
12/1/2015 8:17:24,56,1263,1264.25,1260.75,1262,35633,1261.51,1258.91
12/1/2015 8:17:25,56,1262.25,1263.75,1261.75,1263.25,15955,1262.13,1259.71
12/1/2015 8:17:26,56,1263.25,1263.5,1262.25,1263.25,10577,1262.5,1260.41
12/1/2015 8:17:27,56,1263,1263.25,1261.75,1262.25,7914,1262.5,1260.93
12/1/2015 8:17:28,56,1262.25,1263,1261.25,1261.5,16068,1262.31,1261.28
12/1/2015 8:17:29,56,1261.25,1263,1261,1263,12669,1262.16,1261.5
12/1/2015 8:17:30,56,1263,1264.75,1262.5,1263.25,18837,1262.89,1261.85
12/1/2015 8:17:31,56,1263.25,1265,1263,1264,24444,1263.45,1262.25
12/1/2015 8:17:32,56,1264,1265.25,1263.75,1264,21066,1263.97,1262.68
12/1/2015 8:17:33,56,1263.75,1266.5,1263.75,1265.5,28230,1264.55,1263.15
12/1/2015 8:17:34,56,1265.5,1267,1265,1266,26263,1264.91,1263.37
12/1/2015 8:17:35,56,1266,1269.5,1266,1269.25,45737,1266.33,1264.11
12/1/2015 8:17:36,56,1269,1270.75,1269,1269.5,36537,1268.1,1265.11
12/1/2015 8:17:37,56,1269.25,1269.5,1266,1266.5,42374,1267.93,1265.81
12/1/2015 8:17:38,56,1266.25,1267.25,1265.5,1266.75,45425,1267.15,1266.15
12/1/2015 8:17:39,56,1266.75,1269.5,1266.25,1268,50138,1267.51,1266.49
12/1/2015 8:17:40,56,1268,1268.75,1267.5,1268.25,13429,1267.82,1266.82
12/1/2015 8:17:41,56,1268.25,1268.5,1267.5,1267.5,25764,1267.91,1267.09
12/1/2015 8:17:42,56,1263.75,1265.25,1263.5,1264.25,57552,1266.14,1266.86
12/1/2015 8:17:43,56,1264.25,1264.25,1262.75,1264,26223,1264.82,1266.35
12/1/2015 8:17:44,56,1264,1266.5,1263.75,1265.5,28255,1264.97,1266
12/1/2015 8:17:45,56,1265.5,1266,1262.75,1265.25,26892,1264.67,1265.67
12/1/2015 8:17:46,56,1265.25,1267.5,1265,1265.25,40434,1265.46,1265.62
12/1/2015 8:17:47,56,1265.5,1266.75,1263.75,1266.25,23628,1265.36,1265.55
12/1/2015 8:17:48,56,1266,1266.5,1264,1265,18850,1265.3,1265.49
12/1/2015 8:17:49,56,1265,1265.25,1263,1263.25,24491,1264.71,1265.3
12/1/2015 8:17:50,56,1263.5,1264,1262,1262.75,32784,1263.86,1264.94
12/1/2015 8:17:51,56,1262.75,1263.75,1261.75,1261.75,20790,1263.3,1264.53
12/1/2015 8:17:52,56,1261.75,1262.75,1261.25,1262.75,16382,1262.83,1264.22
12/1/2015 8:17:53,56,1263,1263.25,1261.25,1261.25,20714,1262.65,1263.97
12/1/2015 8:17:54,56,1261.25,1263.25,1261.25,1262,13543,1262.45,1263.59
12/1/2015 8:17:55,56,1262,1263.75,1262,1263.25,13335,1262.66,1263.36
12/1/2015 8:17:56,56,1263,1263.25,1261.5,1261.75,9602,1262.52,1263.15
12/1/2015 8:17:57,56,1262,1262,1260.25,1260.5,19151,1261.82,1262.82
12/1/2015 8:17:58,56,1260.5,1261.75,1260,1261.25,24096,1261.35,1262.45
12/1/2015 8:17:59,56,1261.5,1261.75,1259.75,1260.5,17531,1261.05,1262.1
12/1/2015 8:18:00,56,1260.5,1262,1260.25,1261.5,15880,1261.09,1261.85
12/1/2015 8:18:01,56,1261.75,1263.25,1261.5,1262.75,16791,1261.73,1261.82
12/1/2015 8:18:02,56,1262.75,1262.75,1261.75,1262,11195,1261.99,1261.86
12/1/2015 8:18:03,56,1262.25,1262.25,1261,1261.75,9352,1261.81,1261.85
12/1/2015 8:18:04,56,1261.5,1262,1259,1259.5,21411,1261.15,1261.67
12/1/2015 8:18:05,56,1259.5,1259.5,1257.75,1258.5,25192,1259.89,1261.23
12/1/2015 8:18:06,56,1258.25,1258.75,1257.75,1258.5,13550,1259.07,1260.69
12/1/2015 8:18:07,56,1258.25,1261,1258.25,1260.75,21681,1259.28,1260.42
12/1/2015 8:18:08,56,1260.75,1260.75,1259.75,1260.25,9704,1259.71,1260.27
12/1/2015 8:18:09,56,1260.25,1261.5,1260.25,1260.5,12608,1260.29,1260.27
12/1/2015 8:18:10,56,1260.5,1261.25,1260.25,1261,11166,1260.52,1260.33
12/1/2015 8:18:11,56,1261,1261.25,1260.25,1260.25,5231,1260.64,1260.41
12/1/2015 8:18:12,56,1260.25,1262.5,1260.25,1261.75,12487,1261.01,1260.56
12/1/2015 8:18:13,56,1261.75,1262.5,1261.5,1262.25,6157,1261.5,1260.79
12/1/2015 8:18:14,56,1262.5,1263.25,1260,1260.25,15342,1261.56,1260.99
12/1/2015 8:18:15,56,1260,1260.5,1259,1259.5,10553,1260.66,1260.9
12/1/2015 8:18:16,56,1259.5,1260.25,1259.25,1259.5,5085,1260.2,1260.73
12/1/2015 8:18:17,56,1259.5,1260,1259,1259.75,7639,1259.85,1260.51
12/1/2015 8:18:18,56,1259.75,1260,1258.25,1258.75,8773,1259.49,1260.25
12/1/2015 8:18:19,56,1258.75,1258.75,1257.25,1258.5,16526,1258.74,1259.88
12/1/2015 8:18:20,56,1258.5,1259,1257.25,1257.75,8470,1258.43,1259.52
12/1/2015 8:18:21,56,1257.75,1258.75,1256.75,1256.75,15663,1258.09,1259.16
12/1/2015 8:18:22,56,1256.75,1259,1256.75,1258.75,12564,1257.98,1258.87
12/1/2015 8:18:23,56,1259,1260,1258.25,1259.75,9181,1258.55,1258.79
12/1/2015 8:18:24,56,1259.75,1260.25,1259.25,1260.25,5512,1259.15,1258.88
12/1/2015 8:18:25,56,1260,1260.25,1259.25,1259.5,3907,1259.45,1259.02
12/1/2015 8:18:26,56,1259.5,1259.75,1259.25,1259.5,662,1259.48,1259.14
12/1/2015 8:18:27,56,1259.5,1259.75,1259,1259,3542,1259.43,1259.21
12/1/2015 8:18:28,56,1259,1259.75,1259,1259.75,2032,1259.4,1259.26
12/1/2015 8:18:29,56,1259.75,1261.5,1259.5,1260.25,9170,1259.95,1259.43
12/1/2015 8:18:30,56,1260.25,1260.75,1259.25,1259.75,3733,1259.98,1259.57
12/1/2015 8:18:31,56,1259.75,1260,1259.25,1259.75,2232,1259.8,1259.62
12/1/2015 8:18:32,56,1259.5,1260.25,1258.5,1259,8179,1259.59,1259.62
12/1/2015 8:18:33,56,1259.25,1260,1259,1259.75,3974,1259.54,1259.6
12/1/2015 8:18:34,56,1259.75,1261.25,1259.5,1260.75,5910,1259.96,1259.69
12/1/2015 8:18:35,56,1260.75,1260.75,1260.25,1260.5,1796,1260.23,1259.82
12/1/2015 8:18:36,56,1260.5,1260.75,1259.5,1259.75,3765,1260.18,1259.91
12/1/2015 8:18:37,56,1259.5,1260.5,1259.5,1260,2499,1260.09,1259.96
12/1/2015 8:18:38,56,1260,1260.75,1259.5,1259.75,6204,1260.1,1259.98
12/1/2015 8:18:39,56,1259.75,1263.75,1259.75,1262.25,20844,1260.93,1260.22
12/1/2015 8:18:40,56,1262.25,1262.5,1261.75,1262,4543,1261.53,1260.55
12/1/2015 8:18:41,56,1262,1262.25,1260.25,1261.25,7876,1261.39,1260.76
12/1/2015 8:18:42,56,1261.25,1262,1260.75,1261.75,5281,1261.38,1260.91
12/1/2015 8:18:43,56,1261.75,1262,1260.25,1260.5,4723,1261.25,1261
12/1/2015 8:18:44,56,1260.5,1261.25,1260.25,1260.25,2187,1261,1261
12/1/2015 8:18:45,56,1260.25,1261.75,1260.25,1261.5,6312,1261,1261
12/1/2015 8:18:46,56,1261.5,1262,1261.5,1261.75,2353,1261.38,1261.09
12/1/2015 8:18:47,56,1261.75,1263,1261.5,1262.25,3567,1261.81,1261.27
12/1/2015 8:18:48,56,1262.25,1264.5,1262.25,1263.5,16960,1262.59,1261.6
12/1/2015 8:18:49,56,1263.25,1264.25,1263,1263.75,10816,1263.06,1261.93
12/1/2015 8:18:50,56,1263.5,1264.75,1263.25,1264.25,9594,1263.4,1262.2
12/1/2015 8:18:51,56,1264.25,1264.75,1263.5,1264,5531,1263.76,1262.59
12/1/2015 8:18:52,56,1264.25,1265,1263.75,1264.75,3779,1264.07,1262.96
12/1/2015 8:18:53,56,1265,1265.5,1264.5,1265,7706,1264.53,1263.35
12/1/2015 8:18:54,56,1265,1266.5,1264.75,1266,11249,1265.08,1263.78
12/1/2015 8:18:55,56,1266,1266.5,1263,1263.75,15054,1264.91,1264.07
12/1/2015 8:18:56,56,1263.5,1264,1263,1263.25,8246,1264.21,1264.1
12/1/2015 8:18:57,56,1263.5,1263.5,1261.75,1261.75,15863,1263.42,1263.93
12/1/2015 8:18:58,56,1261.75,1263.75,1261.75,1263.25,10418,1263.08,1263.72
12/1/2015 8:18:59,56,1263.25,1263.5,1261.75,1262,19834,1262.85,1263.5
12/1/2015 8:19:00,56,1262.25,1262.75,1261,1261.25,24328,1262.36,1263.22
12/1/2015 8:19:01,56,1261.5,1262,1260.5,1260.75,9450,1261.81,1262.87
12/1/2015 8:19:02,56,1260.75,1261,1259,1259,14095,1260.9,1262.37
12/1/2015 8:19:03,56,1266,1266.25,1265,1265.75,19503,1263.26,1262.6
12/1/2015 8:19:04,56,1265.75,1267,1265.25,1265.25,22629,1264.69,1263.12
12/1/2015 8:19:05,56,1265.25,1265.75,1264,1264,14343,1264.78,1263.54
12/1/2015 8:19:06,56,1264.25,1264.25,1263,1264,14915,1264.2,1263.7
12/1/2015 8:19:07,56,1264.25,1265,1263.25,1264.25,15018,1264.16,1263.82
12/1/2015 8:19:08,56,1264.25,1264.75,1261.5,1263,27632,1263.64,1263.78
12/1/2015 8:19:09,56,1263,1263,1261.25,1262.75,19365,1262.88,1263.55
12/1/2015 8:19:10,56,1262.75,1263.75,1262.25,1262.75,18663,1262.94,1263.4
12/1/2015 8:19:11,56,1263,1263,1260.25,1260.5,19396,1262.28,1263.12
12/1/2015 8:19:12,56,1260.5,1260.75,1259,1260,32437,1261.08,1262.61
12/1/2015 8:19:13,56,1260,1260,1257.5,1257.75,24929,1259.91,1261.94
12/1/2015 8:19:14,56,1257.75,1258.5,1256.75,1258.25,25194,1258.77,1261.15
12/1/2015 8:19:15,56,1258.25,1259.5,1256.75,1257,22672,1258.45,1260.47
12/1/2015 8:19:16,56,1257,1257.75,1255.5,1257,23190,1257.54,1259.74
12/1/2015 8:19:17,56,1257.25,1258.25,1256.75,1257.75,8183,1257.52,1259.18
12/1/2015 8:19:18,56,1258,1258.75,1257,1257.5,10180,1257.7,1258.81
12/1/2015 8:19:19,56,1257.5,1260,1257.25,1260,15330,1258.16,1258.65
12/1/2015 8:19:20,56,1259.75,1260.25,1258.75,1259,9486,1258.83,1258.69
12/1/2015 8:19:21,56,1259,1260.5,1258.75,1260,8626,1259.23,1258.83
12/1/2015 8:19:22,56,1260,1260.25,1258,1259.5,12301,1259.18,1258.91
12/1/2015 8:19:23,56,1259.75,1261,1259.5,1260.5,8718,1259.71,1259.11
12/1/2015 8:19:24,56,1260.5,1261,1258.75,1260.75,12722,1259.79,1259.28
12/1/2015 8:19:25,56,1260.75,1261,1258.5,1258.75,6810,1259.77,1259.41
12/1/2015 8:19:26,56,1258.75,1258.75,1257.25,1257.5,13416,1258.89,1259.28
12/1/2015 8:19:27,56,1257.25,1258.75,1257,1257.25,11482,1258.38,1259.05
12/1/2015 8:19:28,56,1257.5,1257.75,1256.75,1257,8837,1257.82,1258.74
12/1/2015 8:19:29,56,1257.25,1260,1257,1258.5,20812,1258.16,1258.6
12/1/2015 8:19:30,56,1258.75,1259.75,1258.5,1259,16275,1258.64,1258.61
12/1/2015 8:19:31,56,1259,1259.25,1257,1257.5,8742,1258.38,1258.55
12/1/2015 8:19:32,56,1257.5,1258.75,1256.75,1258.25,5097,1258.07,1258.43
12/1/2015 8:19:33,56,1258.25,1259.75,1258,1258.5,8468,1258.47,1258.44
12/1/2015 8:19:34,56,1258.5,1260,1258.5,1259,7615,1258.86,1258.55
12/1/2015 8:19:35,56,1258.75,1259.25,1258.25,1259.25,5656,1258.81,1258.61
12/1/2015 8:19:36,56,1259,1259.75,1258.25,1258.5,9273,1258.89,1258.67
12/1/2015 8:19:37,56,1258.5,1259,1257.5,1258,2700,1258.57,1258.64
12/1/2015 8:19:38,56,1258,1259,1257.75,1258.75,3201,1258.47,1258.6
12/1/2015 8:19:39,56,1258.75,1258.75,1258,1258.5,1759,1258.42,1258.56
12/1/2015 8:19:40,56,1258.5,1258.75,1257.5,1258.25,3546,1258.27,1258.49
12/1/2015 8:19:41,56,1258.25,1258.75,1258,1258.5,1430,1258.32,1258.45
12/1/2015 8:19:42,56,1258.25,1258.75,1258,1258.5,1400,1258.35,1258.42
12/1/2015 8:19:43,56,1258.25,1258.5,1257,1257.5,7077,1258.05,1258.33
12/1/2015 8:19:44,56,1257.5,1258,1256.75,1256.75,6492,1257.71,1258.17
12/1/2015 8:19:45,56,1256.75,1257,1255.75,1255.75,8548,1257.04,1257.89
12/1/2015 8:19:46,56,1255.75,1256,1254.5,1255.5,22240,1256.15,1257.46
12/1/2015 8:19:47,56,1255.25,1255.5,1252.5,1253.5,28269,1255.07,1256.86
12/1/2015 8:19:48,56,1253.5,1254.5,1253,1253.5,13465,1254.41,1256.25
12/1/2015 8:19:49,56,1253.25,1253.5,1251.25,1252,19264,1253.39,1255.53
12/1/2015 8:19:50,56,1252,1252.5,1250.75,1252,12744,1252.51,1254.78
12/1/2015 8:19:51,56,1252,1252.5,1250.75,1251.5,8431,1252.07,1254.1
12/1/2015 8:19:52,56,1251.5,1252,1250,1250.25,22188,1251.53,1253.46
12/1/2015 8:19:53,56,1250.5,1250.75,1248.25,1250.75,34491,1250.52,1252.72
12/1/2015 8:19:54,56,1250.75,1252.25,1250.75,1251.25,17120,1251.01,1252.29
12/1/2015 8:19:55,56,1251.25,1252.25,1249.75,1250.75,14302,1251,1251.97
12/1/2015 8:19:56,56,1250.5,1251.25,1250,1250,8177,1250.81,1251.68
12/1/2015 8:19:57,56,1250,1250.75,1249.25,1250.5,13343,1250.41,1251.36
12/1/2015 8:19:58,56,1250.25,1251.25,1249.75,1251,4214,1250.45,1251.14
12/1/2015 8:19:59,56,1251,1252.25,1250.75,1252,9406,1250.98,1251.1
12/1/2015 8:20:00,56,1252,1252.25,1251.25,1251.5,5819,1251.36,1251.16
12/1/2015 8:20:01,56,1251.5,1251.5,1249,1249.25,18199,1251.07,1251.15
12/1/2015 8:20:02,56,1249.25,1251.5,1249.25,1251.25,14283,1250.72,1251.04
12/1/2015 8:20:03,56,1251.25,1251.75,1250.25,1251.25,12030,1250.86,1251
12/1/2015 8:20:04,56,1251.25,1251.5,1250,1250.75,11172,1250.81,1250.95
12/1/2015 8:20:05,56,1250.75,1251.5,1248.75,1249.25,14613,1250.52,1250.86
12/1/2015 8:20:06,56,1249,1249.75,1248.25,1248.75,16124,1249.91,1250.67
12/1/2015 8:20:07,56,1248.75,1250.25,1248.25,1249.75,10901,1249.58,1250.4
12/1/2015 8:20:08,56,1249.75,1249.75,1247.5,1247.5,14421,1249.1,1250.07
12/1/2015 8:20:09,56,1247.5,1249.5,1247.25,1249.25,18784,1248.74,1249.74
12/1/2015 8:20:10,56,1249.25,1250.75,1249.25,1249.75,8704,1249.37,1249.65
12/1/2015 8:20:11,56,1249.5,1250.75,1249.25,1250,5611,1249.68,1249.66
12/1/2015 8:20:12,56,1250,1252,1249.75,1252,8182,1250.28,1249.81
12/1/2015 8:20:13,56,1252,1252.75,1251,1251.5,10100,1251.08,1250.13
12/1/2015 8:20:14,56,1251.75,1255,1251.5,1253.75,22414,1252.16,1250.64
12/1/2015 8:20:15,56,1253.75,1254.75,1253.5,1254,8206,1253.14,1251.26
12/1/2015 8:20:16,56,1254,1255.25,1252.75,1252.75,14907,1253.57,1251.84
12/1/2015 8:20:17,56,1252.75,1253,1250.25,1250.5,16776,1252.6,1252.03
12/1/2015 8:20:18,56,1250.5,1251,1249,1251,19702,1251.3,1251.85
12/1/2015 8:20:19,56,1251,1252.25,1250.5,1251.75,12976,1251.34,1251.72
12/1/2015 8:20:20,56,1252,1252.5,1250,1250,22906,1251.29,1251.61
12/1/2015 8:20:21,56,1250,1250.25,1248.5,1249,21691,1250.33,1251.29
12/1/2015 8:20:22,56,1249,1249.5,1248.25,1248.75,12319,1249.6,1250.87
12/1/2015 8:20:23,56,1248.75,1248.75,1247.5,1248.25,16146,1248.86,1250.37
12/1/2015 8:20:24,56,1251.75,1252.75,1251,1251.25,18210,1250.37,1250.37
12/1/2015 8:20:25,56,1251.25,1253.75,1251,1253.25,25113,1251.37,1250.62
12/1/2015 8:20:26,56,1253,1253.25,1251,1251.75,18468,1251.75,1250.9
12/1/2015 8:20:27,56,1251.75,1252,1249.5,1249.75,25527,1251.25,1250.99
12/1/2015 8:20:28,56,1249.75,1251.75,1249.75,1251.25,19071,1251,1250.99
12/1/2015 8:20:29,56,1251,1251,1249,1249.75,23115,1250.5,1250.87
12/1/2015 8:20:30,56,1249.5,1250.75,1249,1250,21931,1250.19,1250.7
12/1/2015 8:20:31,56,1250,1251.5,1250,1250.5,15786,1250.47,1250.64
12/1/2015 8:20:32,56,1250.5,1251,1249.25,1250.75,13861,1250.3,1250.55
12/1/2015 8:20:33,56,1250.5,1253.5,1250.5,1251.75,22087,1251.15,1250.7
12/1/2015 8:20:34,56,1251.5,1252.5,1250.25,1251,13161,1251.26,1250.84
12/1/2015 8:20:35,56,1251.25,1252,1249.5,1251.25,16959,1251.01,1250.88
12/1/2015 8:20:36,56,1251,1253.25,1251,1252.25,17495,1251.57,1251.05
12/1/2015 8:20:37,56,1252,1254.25,1251.5,1253.5,24363,1252.22,1251.35
12/1/2015 8:20:38,56,1253.5,1254,1252.25,1252.5,15881,1252.67,1251.68
12/1/2015 8:20:39,56,1252.5,1253.25,1251.75,1253,8337,1252.59,1251.9
12/1/2015 8:20:40,56,1252.75,1254,1252.25,1254,8529,1252.86,1252.14
12/1/2015 8:20:41,56,1254,1254,1253,1253.25,7524,1253.18,1252.4
12/1/2015 8:20:42,56,1253.25,1255.75,1252.25,1255,30549,1253.59,1252.7
12/1/2015 8:20:43,56,1255,1256.25,1254.5,1255.5,18487,1254.48,1253.14
12/1/2015 8:20:44,56,1255.25,1256,1254.25,1255.25,17352,1254.8,1253.56
12/1/2015 8:20:45,56,1255.25,1255.5,1254.5,1254.75,5552,1254.9,1253.89
12/1/2015 8:20:46,56,1254.5,1256.5,1254.5,1255.5,13517,1255.2,1254.22
12/1/2015 8:20:47,56,1255.5,1258.5,1255.5,1258,39103,1256.1,1254.69
12/1/2015 8:20:48,56,1258,1258.5,1257.5,1258,19616,1257.05,1255.28
12/1/2015 8:20:49,56,1257.75,1260,1257.75,1258.5,22942,1257.96,1255.95
12/1/2015 8:20:50,56,1258.75,1259.5,1258,1258,13413,1258.36,1256.55
12/1/2015 8:20:51,56,1258,1258,1257.25,1257.25,12044,1257.99,1256.91
12/1/2015 8:20:52,56,1257.25,1258.25,1257.25,1257.25,9708,1257.87,1257.15
12/1/2015 8:20:53,56,1257.25,1258.25,1257,1258,4911,1257.75,1257.3
12/1/2015 8:20:54,56,1258,1258.5,1257.25,1257.75,9219,1257.81,1257.43
12/1/2015 8:20:55,56,1257.75,1258,1256.75,1256.75,5575,1257.59,1257.47
12/1/2015 8:20:56,56,1256.75,1257.5,1256.5,1257.25,5121,1257.3,1257.43
12/1/2015 8:20:57,56,1257.5,1257.5,1256.5,1257,4702,1257.15,1257.36
12/1/2015 8:20:58,56,1256.75,1258,1256.75,1257.75,5222,1257.26,1257.33
12/1/2015 8:20:59,56,1257.75,1258,1255.75,1256,9777,1257.07,1257.27
12/1/2015 8:21:00,56,1255.75,1256.25,1255.25,1255.25,13329,1256.41,1257.05
12/1/2015 8:21:01,56,1255.5,1256,1255.25,1255.75,4166,1256.02,1256.79
12/1/2015 8:21:02,56,1255.75,1256,1255.25,1255.75,4166,1255.82,1256.55
12/1/2015 8:21:03,56,1255.75,1256,1255.25,1255.75,5123,1255.72,1256.34
12/1/2015 8:21:04,56,1255.75,1255.75,1253.5,1254.75,17146,1255.17,1256.05
12/1/2015 8:21:05,56,1254.75,1255,1254,1254.5,4361,1254.84,1255.75
12/1/2015 8:21:06,56,1254.5,1255.25,1254.25,1254.75,3109,1254.79,1255.51
12/1/2015 8:21:07,56,1254.75,1255.75,1254.5,1255.5,5297,1254.96,1255.37
12/1/2015 8:21:08,56,1255.25,1255.5,1254.75,1254.75,1543,1255.04,1255.29
12/1/2015 8:21:09,56,1254.75,1255.75,1254.75,1255.25,5823,1255.15,1255.25
12/1/2015 8:21:10,56,1255.5,1255.75,1254.75,1254.75,5923,1255.2,1255.24
12/1/2015 8:21:11,56,1254.75,1255,1254.25,1254.25,3874,1254.91,1255.16
12/1/2015 8:21:12,56,1254.5,1254.5,1252.25,1253.5,24826,1254.14,1254.9
12/1/2015 8:21:13,56,1253.5,1253.75,1252.5,1253.5,6571,1253.63,1254.59
12/1/2015 8:21:14,56,1253.25,1255.75,1253,1255.5,15764,1253.95,1254.45
12/1/2015 8:21:15,56,1255.5,1255.75,1254.25,1254.75,7228,1254.46,1254.45
12/1/2015 8:21:16,56,1254.75,1255,1254.25,1254.5,1571,1254.54,1254.48
12/1/2015 8:21:17,56,1254.5,1254.75,1253.25,1253.75,6373,1254.27,1254.43
12/1/2015 8:21:18,56,1254,1254,1252.75,1253,13018,1253.82,1254.28
12/1/2015 8:21:19,56,1253,1254,1252.5,1253.75,6237,1253.54,1254.09
12/1/2015 8:21:20,56,1253.75,1254.25,1252.5,1252.75,8784,1253.46,1253.93
12/1/2015 8:21:21,56,1253,1253.5,1252,1253,14261,1253.16,1253.77
12/1/2015 8:21:22,56,1253,1253.25,1250.5,1251.25,24838,1252.65,1253.55
12/1/2015 8:21:23,56,1251,1251.75,1250.5,1251.5,11489,1251.89,1253.13
12/1/2015 8:21:24,56,1251.5,1252.25,1250.5,1251.75,9484,1251.63,1252.76
12/1/2015 8:21:25,56,1251.5,1253.75,1251.5,1253.25,8819,1252.13,1252.6
12/1/2015 8:21:26,56,1253,1253.5,1252.5,1252.5,7715,1252.56,1252.59
12/1/2015 8:21:27,56,1252.5,1253,1252.25,1252.75,5465,1252.59,1252.59
12/1/2015 8:21:28,56,1252.75,1254.5,1252.5,1254.5,11925,1253.05,1252.71
12/1/2015 8:21:29,56,1254.5,1255,1253.25,1253.75,9561,1253.59,1252.93
12/1/2015 8:21:30,56,1253.75,1254,1252.75,1253,7257,1253.48,1253.06
12/1/2015 8:21:31,56,1253.25,1253.75,1251.75,1252.75,11577,1253.12,1253.08
12/1/2015 8:21:32,56,1252.5,1254,1252.25,1253.5,8162,1253.12,1253.09
12/1/2015 8:21:33,56,1253.5,1254,1252,1253.5,8214,1253.06,1253.08
12/1/2015 8:21:34,56,1253.5,1254,1252.25,1253.25,7975,1253.09,1253.08
12/1/2015 8:21:35,56,1253.5,1254.5,1252.75,1253,6898,1253.36,1253.15
12/1/2015 8:21:36,56,1253,1253.25,1251.5,1252,10434,1252.87,1253.08
12/1/2015 8:21:37,56,1252.25,1252.25,1249.75,1250.75,23724,1251.93,1252.79
12/1/2015 8:21:38,56,1250.5,1251.5,1250,1251.25,7559,1251.34,1252.43
12/1/2015 8:21:39,56,1251,1251.25,1250,1250,5833,1250.98,1252.07
12/1/2015 8:21:40,56,1250,1250.5,1249,1250.25,18368,1250.37,1251.64
12/1/2015 8:21:41,56,1250.25,1250.75,1249.25,1250.5,17319,1250.18,1251.28
12/1/2015 8:21:42,56,1250.5,1251.5,1250.25,1251.25,14589,1250.53,1251.09
12/1/2015 8:21:43,56,1251.25,1252.25,1251,1251.5,9792,1251.08,1251.09
12/1/2015 8:21:44,56,1251.75,1252.75,1251.5,1252.5,9143,1251.6,1251.22
